City_ID,City,Country,Date,Lat,Lng,Max Temp,Humidity,Cloudiness,Wind Speed
0,Rincon,US,2021-10-30 22:26:14,32.296,-81.2354,62.56,72,75,9.22
1,Cape Town,ZA,2021-10-30 22:23:21,-33.9258,18.4232,63.09,81,0,1.99
2,Sitka,US,2021-10-30 22:28:04,57.0531,-135.33,48.09,61,90,10.36
3,Kieta,PG,2021-10-30 22:28:05,-6.2167,155.6333,80.29,81,97,4.21
4,Kiunga,PG,2021-10-30 22:28:05,-6.1219,141.2906,76.77,93,61,0.6
5,Poya,NC,2021-10-30 22:27:37,-21.35,165.15,79.29,58,3,0.76
6,Mehamn,NO,2021-10-30 22:28:06,71.0357,27.8492,38.44,78,92,7.34
7,Hobart,AU,2021-10-30 22:26:05,-42.8794,147.3294,59.25,57,75,4.0
8,Portland,US,2021-10-30 22:27:39,45.5234,-122.6762,63.61,40,20,5.01
9,Mataura,NZ,2021-10-30 22:28:07,-46.1927,168.8643,49.66,96,100,12.59
10,Jamestown,US,2021-10-30 22:24:44,42.097,-79.2353,53.29,86,90,1.01
11,Albany,US,2021-10-30 22:27:52,42.6001,-73.9662,57.61,91,93,3.33
12,Arrifes,PT,2021-10-30 22:28:08,37.7667,-25.7,72.23,94,75,13.8
13,Ushuaia,AR,2021-10-30 22:28:08,-54.8,-68.3,51.46,46,0,18.41
14,Barrow,US,2021-10-30 22:28:09,71.2906,-156.7887,15.82,79,90,6.91
15,Tongliao,CN,2021-10-30 22:28:09,43.6125,122.2653,36.41,62,75,12.97
16,Georgetown,MY,2021-10-30 22:24:41,5.4112,100.3354,78.73,92,40,1.01
17,Qaanaaq,GL,2021-10-30 22:28:10,77.484,-69.3632,2.73,53,0,8.55
18,East London,ZA,2021-10-30 22:28:11,-33.0153,27.9116,64.53,84,80,6.85
19,Rikitea,PF,2021-10-30 22:28:11,-23.1203,-134.9692,75.02,85,80,21.12
20,Drabiv,UA,2021-10-30 22:28:12,49.963,32.1529,43.54,77,0,7.34
21,Ilulissat,GL,2021-10-30 22:28:13,69.2167,-51.1,37.42,60,20,17.27
22,Ketchikan,US,2021-10-30 22:28:13,55.3422,-131.6461,46.87,81,1,8.05
23,Paamiut,GL,2021-10-30 22:28:14,61.994,-49.6678,31.82,77,82,13.6
24,Motygino,RU,2021-10-30 22:28:14,58.1831,94.7592,24.94,61,96,8.37
25,Punta Arenas,CL,2021-10-30 22:24:46,-53.15,-70.9167,53.71,43,0,14.97
26,Monkey Bay,MW,2021-10-30 22:28:15,-14.0728,34.9201,80.11,50,1,5.19
27,Torva,EE,2021-10-30 22:28:15,58.0028,25.935,46.42,90,100,6.89
28,Bluff,NZ,2021-10-30 22:28:16,-46.6,168.3333,51.53,90,95,25.84
29,Hithadhoo,MV,2021-10-30 22:28:16,-0.6,73.0833,82.85,75,100,20.67
30,Nikolskoye,RU,2021-10-30 22:28:17,59.7035,30.7861,47.01,92,91,7.25
31,Necochea,AR,2021-10-30 22:28:17,-38.5473,-58.7368,55.04,79,100,16.75
32,Lompoc,US,2021-10-30 22:28:18,34.6391,-120.4579,77.02,78,1,17.27
33,Geraldton,AU,2021-10-30 22:28:18,-28.7667,114.6,52.21,87,0,9.22
34,Coquimbo,CL,2021-10-30 22:27:13,-29.9533,-71.3436,60.53,77,0,10.36
35,Airai,TL,2021-10-30 22:28:19,-8.9266,125.4092,63.64,85,29,0.72
36,Ahipara,NZ,2021-10-30 22:28:20,-35.1667,173.1667,61.77,85,100,7.94
37,Faya,SA,2021-10-30 22:26:05,18.3851,42.4509,59.11,47,0,6.13
38,Busselton,AU,2021-10-30 22:28:20,-33.65,115.3333,46.04,89,94,5.28
39,Kapaa,US,2021-10-30 22:27:12,22.0752,-159.319,81.48,85,40,3.0
40,Ihosy,MG,2021-10-30 22:28:21,-22.4,46.1167,63.82,87,63,4.88
41,Thompson,CA,2021-10-30 22:28:21,55.7435,-97.8558,35.76,87,90,9.22
42,Hasaki,JP,2021-10-30 22:28:22,35.7333,140.8333,54.28,62,82,7.09
43,Rassvet,RU,2021-10-30 22:28:22,46.8333,40.75,42.13,85,0,11.18
44,Atar,MR,2021-10-30 22:28:23,20.5169,-13.0499,84.4,24,100,5.08
45,Kavaratti,IN,2021-10-30 22:29:23,10.5669,72.642,81.68,72,81,2.13
46,Panjab,AF,2021-10-30 22:29:24,34.388,67.0233,30.96,37,4,5.3
47,Dunedin,NZ,2021-10-30 22:29:25,-45.8742,170.5036,59.81,90,62,11.01
48,Puerto Ayora,EC,2021-10-30 22:29:25,-0.7393,-90.3518,78.76,82,96,9.57
49,Vaini,TO,2021-10-30 22:29:25,-21.2,-175.2,78.96,83,20,11.5
50,Avarua,CK,2021-10-30 22:29:26,-21.2078,-159.775,77.05,57,20,14.97
51,Kondoa,TZ,2021-10-30 22:29:26,-4.9,35.7833,65.79,82,90,6.98
52,Laguna,US,2021-10-30 22:29:27,38.421,-121.4238,74.23,71,20,4.0
53,Ribeira Grande,PT,2021-10-30 22:29:28,38.5167,-28.7,70.77,89,100,16.33
54,San Cristobal,VE,2021-10-30 22:29:28,7.7669,-72.225,68.18,96,99,2.33
55,Nanortalik,GL,2021-10-30 22:25:20,60.1432,-45.2371,34.45,72,60,2.59
56,Atbasar,KZ,2021-10-30 22:29:29,51.8,68.3333,36.77,96,100,22.88
57,Aland,IN,2021-10-30 22:29:29,17.5667,76.5667,70.57,75,13,10.02
58,Saint-Philippe,RE,2021-10-30 22:29:30,-21.3585,55.7679,69.39,80,80,3.13
59,Sembe,CG,2021-10-30 22:29:30,1.6481,14.5806,71.62,97,70,1.63
60,Khor,RU,2021-10-30 22:29:31,47.8861,134.9464,34.21,85,98,10.63
61,Kodiak,US,2021-10-30 22:29:31,57.79,-152.4072,47.71,81,90,33.38
62,Butaritari,KI,2021-10-30 22:26:01,3.0707,172.7902,82.38,73,24,6.2
63,Victoria,HK,2021-10-30 22:29:32,22.2855,114.1577,75.33,83,95,1.01
64,Hilo,US,2021-10-30 22:29:32,19.7297,-155.09,82.26,70,40,8.05
65,Slave Lake,CA,2021-10-30 22:29:33,55.2834,-114.769,39.18,52,1,12.66
66,Clifton Springs,AU,2021-10-30 22:29:33,-38.15,144.5667,57.56,75,3,5.01
67,Leh,IN,2021-10-30 22:29:34,34.1667,77.5833,23.92,58,3,4.32
68,Bonavista,CA,2021-10-30 22:29:35,48.6499,-53.1147,42.12,66,1,3.27
69,Fairbanks,US,2021-10-30 22:24:45,64.8378,-147.7164,43.14,65,1,11.5
70,Hermanus,ZA,2021-10-30 22:29:35,-34.4187,19.2345,61.9,87,58,8.39
71,Yinchuan,CN,2021-10-30 22:29:36,38.4681,106.2731,42.08,45,0,7.07
72,Dawlatabad,AF,2021-10-30 22:29:36,36.4141,64.9053,53.51,46,96,4.36
73,Lugovoy,KZ,2021-10-30 22:29:37,42.9472,72.7644,45.16,63,100,4.25
74,Ponta Do Sol,PT,2021-10-30 22:27:19,32.6667,-17.1,71.71,74,39,6.44
75,Dudinka,RU,2021-10-30 22:29:37,69.4058,86.1778,10.24,96,100,4.5
76,Esmeraldas,BR,2021-10-30 22:29:38,-19.7625,-44.3139,77.86,82,98,6.71
77,Fortuna,US,2021-10-30 22:25:18,40.5982,-124.1573,67.91,67,20,3.0
78,Bethel,US,2021-10-30 22:29:39,41.3712,-73.414,58.5,92,75,1.01
79,Burnie,AU,2021-10-30 22:29:39,-41.0667,145.9167,54.95,70,100,11.25
80,Saint George,US,2021-10-30 22:27:02,37.1041,-113.5841,80.64,30,1,1.99
81,Upernavik,GL,2021-10-30 22:29:40,72.7868,-56.1549,27.77,58,100,8.1
82,Vila Do Maio,CV,2021-10-30 22:29:41,15.1333,-23.2167,77.79,80,93,17.38
83,Bambous Virieux,MU,2021-10-30 22:29:41,-20.3428,57.7575,70.21,94,20,3.44
84,Te Anau,NZ,2021-10-30 22:29:42,-45.4167,167.7167,48.63,92,100,2.68
85,Provideniya,RU,2021-10-30 22:29:42,64.3833,-173.3,14.09,76,89,10.33
86,Tasiilaq,GL,2021-10-30 22:29:43,65.6145,-37.6368,24.96,65,91,5.14
87,Virginia Beach,US,2021-10-30 22:29:43,36.8529,-75.978,64.45,68,75,5.75
88,Margate,GB,2021-10-30 22:29:43,51.3813,1.3862,51.04,82,79,1.01
89,Owosso,US,2021-10-30 22:29:44,42.9978,-84.1766,51.55,91,90,1.01
90,Tukrah,LY,2021-10-30 22:26:00,32.5341,20.5791,69.8,70,78,18.05
91,Davenda,RU,2021-10-30 22:30:45,53.5556,119.317,18.14,54,26,3.02
92,Chokurdakh,RU,2021-10-30 22:30:27,70.6333,147.9167,1.96,97,99,6.58
93,Cidreira,BR,2021-10-30 22:30:46,-30.1811,-50.2056,67.91,88,31,22.5
94,Bafang,CM,2021-10-30 22:30:46,5.1563,10.1788,62.73,95,93,2.93
95,Tchollire,CM,2021-10-30 22:30:47,8.4022,14.1698,74.73,79,94,2.77
96,Tocopilla,CL,2021-10-30 22:30:47,-22.092,-70.1979,66.31,63,11,4.0
97,Lebu,CL,2021-10-30 22:30:48,-37.6167,-73.65,53.06,82,100,13.6
98,Beloha,MG,2021-10-30 22:30:48,-25.1667,45.05,67.01,86,60,11.25
99,Lagoa,PT,2021-10-30 22:30:48,39.05,-27.9833,70.38,84,100,23.17
100,Medea,DZ,2021-10-30 22:30:49,36.2642,2.7539,57.65,42,64,3.96
101,Mount Gambier,AU,2021-10-30 22:30:49,-37.8333,140.7667,51.71,82,40,11.5
102,New Norfolk,AU,2021-10-30 22:30:50,-42.7826,147.0587,58.91,42,91,8.25
103,Port Elizabeth,ZA,2021-10-30 22:30:51,-33.918,25.5701,61.09,94,90,3.44
104,Sur,OM,2021-10-30 22:26:29,22.5667,59.5289,80.33,54,4,6.64
105,Mar Del Plata,AR,2021-10-30 22:30:51,-38.0023,-57.5575,59.09,83,75,7.0
106,Torbay,CA,2021-10-30 22:30:52,47.6666,-52.7314,41.4,80,1,4.61
107,Yellowknife,CA,2021-10-30 22:30:52,62.456,-114.3525,29.41,86,75,5.99
108,Atuona,PF,2021-10-30 22:28:25,-9.8,-139.0333,78.01,65,5,14.79
109,La Ronge,CA,2021-10-30 22:30:34,55.1001,-105.2842,37.65,60,90,11.5
110,Urumqi,CN,2021-10-30 22:30:05,43.801,87.6005,41.95,65,0,4.47
111,Saint-Joseph,RE,2021-10-30 22:30:53,-21.3667,55.6167,68.38,80,56,1.81
112,Acarau,BR,2021-10-30 22:30:54,-2.8856,-40.12,80.2,76,41,11.43
113,Carman,CA,2021-10-30 22:30:55,49.4992,-98.0016,48.54,43,1,9.98
114,Atasu,KZ,2021-10-30 22:30:55,48.6814,71.6433,38.79,63,100,16.71
115,San Patricio,US,2021-10-30 22:30:56,28.017,-97.5169,86.41,23,0,5.32
116,Touros,BR,2021-10-30 22:30:56,-5.1989,-35.4608,79.7,78,53,15.55
117,Chuy,UY,2021-10-30 22:30:57,-33.6971,-53.4616,65.32,88,54,12.35
118,Rabo De Peixe,PT,2021-10-30 22:30:57,37.8,-25.5833,73.27,92,75,13.8
119,Vieques,PR,2021-10-30 22:30:58,18.425,-65.8329,86.02,54,40,6.91
120,Sunrise Manor,US,2021-10-30 22:30:58,36.2111,-115.0731,84.18,24,1,4.61
121,Hami,CN,2021-10-30 22:30:59,42.8,93.45,49.39,45,100,0.4
122,Zabol,AF,2021-10-30 22:30:59,32.25,67.25,46.17,31,0,7.61
123,Tibiri,NE,2021-10-30 22:31:00,13.5627,7.0485,83.95,15,69,9.24
124,Tura,IN,2021-10-30 22:31:01,25.5198,90.2201,62.55,64,0,2.62
125,Kropotkin,RU,2021-10-30 22:31:01,45.4375,40.5756,45.23,75,0,12.59
126,Glens Falls,US,2021-10-30 22:28:26,43.3095,-73.644,57.06,95,90,1.01
127,Cabedelo,BR,2021-10-30 22:29:50,-6.9811,-34.8339,79.47,71,11,16.22
128,Alice Springs,AU,2021-10-30 22:29:44,-23.7,133.8833,62.15,63,90,0.0
129,Klaksvik,FO,2021-10-30 22:31:03,62.2266,-6.589,47.32,92,100,13.82
130,Ust-Kuyga,RU,2021-10-30 22:31:04,70.0167,135.6,-4.83,100,100,7.76
131,Nhulunbuy,AU,2021-10-30 22:31:04,-12.2333,136.7667,86.61,70,86,4.61
132,Muzhi,RU,2021-10-30 22:32:05,65.3667,64.6667,-0.54,95,26,4.21
133,Saint-Pierre,RE,2021-10-30 22:32:05,-21.3393,55.4781,69.48,78,0,5.75
134,Byron Bay,AU,2021-10-30 22:31:20,-28.65,153.6167,69.06,83,99,20.49
135,Usinsk,RU,2021-10-30 22:32:06,65.9939,57.5281,8.78,93,100,8.03
136,Ixtapa,MX,2021-10-30 22:32:06,20.7,-105.2,84.22,83,37,5.01
137,Agapovka,RU,2021-10-30 22:32:07,53.2973,59.1348,42.01,93,100,13.65
138,Anito,PH,2021-10-30 22:32:08,12.4497,125.2886,80.19,76,99,11.12
139,Yumen,CN,2021-10-30 22:32:08,40.2833,97.2,36.93,48,66,5.91
140,Sahbuz,AZ,2021-10-30 22:32:09,39.4072,45.5739,44.2,78,98,2.37
141,Mosquera,CO,2021-10-30 22:31:44,4.7059,-74.2302,60.89,72,40,6.91
142,Port Alfred,ZA,2021-10-30 22:32:10,-33.5906,26.891,65.75,81,85,4.52
143,Rio Branco,BR,2021-10-30 22:32:10,-9.9747,-67.81,92.01,52,20,4.61
144,Nagato,JP,2021-10-30 22:31:36,34.3833,131.2,62.51,81,53,3.53
145,Ayan,RU,2021-10-30 22:32:11,56.45,138.1667,22.6,52,0,18.63
146,Killam,CA,2021-10-30 22:32:11,52.7834,-111.8518,40.95,33,0,19.57
147,Muyezerskiy,RU,2021-10-30 22:32:12,63.9333,31.65,42.3,94,99,11.92
148,Gornopravdinsk,RU,2021-10-30 22:32:12,60.05,69.9,16.86,98,91,4.79
149,Faanui,PF,2021-10-30 22:32:13,-16.4833,-151.75,78.13,69,15,15.43
150,Beyneu,KZ,2021-10-30 22:32:13,45.3167,55.2,48.06,69,3,3.29
151,College,US,2021-10-30 22:28:18,64.8569,-147.8028,43.12,62,90,8.05
152,San Luis,AR,2021-10-30 22:32:14,-33.295,-66.3356,73.17,61,50,15.43
153,La Romana,DO,2021-10-30 22:30:58,18.4273,-68.9728,86.36,74,40,9.22
154,Steinbach,DE,2021-10-30 22:32:14,50.1667,8.5667,53.26,94,75,3.44
155,Aginskoye,RU,2021-10-30 22:32:15,51.1,114.53,21.47,37,4,4.18
156,Constitucion,CL,2021-10-30 22:31:20,-35.3333,-72.4167,57.4,79,100,12.62
157,Bom Jardim,BR,2021-10-30 22:32:17,-7.7958,-35.5872,71.62,77,23,8.9
158,Bredasdorp,ZA,2021-10-30 22:32:18,-34.5322,20.0403,58.28,88,55,2.3
159,Oktyabrskiy,RU,2021-10-30 22:32:18,54.4815,53.471,44.22,95,100,7.54
160,Bossangoa,CF,2021-10-30 22:32:19,6.4926,17.4552,72.05,81,41,2.89
161,Moranbah,AU,2021-10-30 22:32:19,-22.0016,148.0466,85.26,45,7,0.98
162,Gizo,SB,2021-10-30 22:32:20,-8.103,156.8419,84.56,70,73,6.31
163,Koutiala,ML,2021-10-30 22:32:20,12.3917,-5.4642,78.73,65,65,6.82
164,Souillac,MU,2021-10-30 22:29:42,-20.5167,57.5167,70.36,94,20,3.44
165,Carnarvon,AU,2021-10-30 22:29:41,-24.8667,113.6333,66.27,68,0,13.8
166,Saint-Ambroise,CA,2021-10-30 22:32:21,48.5501,-71.3324,48.58,57,89,8.05
167,Guanica,PR,2021-10-30 22:32:22,17.9716,-66.908,83.25,74,5,4.0
168,Sao Filipe,CV,2021-10-30 22:32:23,14.8961,-24.4956,79.99,75,84,13.11
169,Qurayyat,SA,2021-10-30 22:32:23,31.3318,37.3428,64.58,52,0,2.3
170,Mahebourg,MU,2021-10-30 22:32:24,-20.4081,57.7,70.25,94,20,3.44
171,Djougou,BJ,2021-10-30 22:32:24,9.7085,1.666,75.56,63,88,3.6
172,Ipixuna,BR,2021-10-30 22:32:25,-1.7625,-48.8043,78.75,90,88,5.41
173,Norman Wells,CA,2021-10-30 22:32:25,65.282,-126.8329,19.44,93,75,6.91
174,Magadan,RU,2021-10-30 22:32:25,59.5667,150.8,21.38,62,100,11.7
175,Matamoros,MX,2021-10-30 22:31:28,25.5333,-103.25,84.31,17,1,5.75
176,Clyde River,CA,2021-10-30 22:32:26,70.4692,-68.5914,28.63,100,90,26.46
177,Zambezi,ZM,2021-10-30 22:32:27,-13.5432,23.1047,71.89,64,90,4.14
178,Khatanga,RU,2021-10-30 22:33:27,71.9667,102.5,-1.91,99,83,0.81
179,Lahij,YE,2021-10-30 22:33:28,13.1667,44.5833,76.75,69,50,8.84
180,Leningradskiy,RU,2021-10-30 22:29:40,69.3833,178.4167,-1.08,97,99,6.38
181,Paris,FR,2021-10-30 22:32:23,48.8534,2.3488,53.15,94,0,3.44
182,Athol,US,2021-10-30 22:33:29,42.5959,-72.2268,57.79,95,90,3.44
183,Lazaro Cardenas,MX,2021-10-30 22:33:29,17.9583,-102.2,82.18,76,1,4.12
184,Noumea,NC,2021-10-30 22:30:04,-22.2763,166.4572,78.78,99,3,6.35
185,Vardo,NO,2021-10-30 22:31:56,70.3705,31.1107,38.77,73,97,10.4
186,Pangnirtung,CA,2021-10-30 22:33:30,66.1451,-65.7125,32.68,99,100,9.13
187,Ishigaki,JP,2021-10-30 22:33:31,24.3448,124.1572,73.53,83,75,8.05
188,Potamia,GR,2021-10-30 22:33:31,40.7163,24.7286,55.65,67,0,12.8
189,Santa Rosa,PH,2021-10-30 22:30:18,14.3122,121.1114,81.86,71,51,11.79
190,Sidi Ali,DZ,2021-10-30 22:33:32,36.0998,0.4206,65.97,59,45,10.69
191,Rovaniemi,FI,2021-10-30 22:33:32,66.5,25.7167,40.41,100,90,6.91
192,Chapais,CA,2021-10-30 22:33:33,49.7834,-74.8492,47.98,69,96,6.91
193,Kiruna,SE,2021-10-30 22:33:34,67.8557,20.2251,29.32,100,75,2.3
194,Husavik,IS,2021-10-30 22:30:51,66.0449,-17.3389,39.11,89,100,17.94
195,Peabiru,BR,2021-10-30 22:29:36,-23.9128,-52.3431,70.02,84,97,4.03
196,Inta,RU,2021-10-30 22:33:35,66.0317,60.1659,8.04,93,93,5.44
197,Anadyr,RU,2021-10-30 22:33:35,64.75,177.4833,1.9,84,90,17.0
198,Peniche,PT,2021-10-30 22:33:36,39.3558,-9.3811,70.88,94,99,21.27
199,Maun,BW,2021-10-30 22:33:36,-19.9833,23.4167,73.36,68,0,1.14
200,Dikson,RU,2021-10-30 22:33:37,73.5069,80.5464,7.0,91,100,16.06
201,Elko,US,2021-10-30 22:29:34,41.0002,-115.5012,65.73,44,100,1.01
202,Tuktoyaktuk,CA,2021-10-30 22:33:37,69.4541,-133.0374,17.6,93,90,9.22
203,Vostok,RU,2021-10-30 22:33:38,46.4856,135.8833,36.81,77,100,0.25
204,Killybegs,IE,2021-10-30 22:32:08,54.6333,-8.45,47.44,81,96,17.52
205,Port Lincoln,AU,2021-10-30 22:30:33,-34.7333,135.8667,60.01,61,0,12.17
206,Birjand,IR,2021-10-30 22:33:39,32.8663,59.2211,45.07,29,0,6.91
207,Ribnica,SI,2021-10-30 22:33:40,45.7386,14.7275,50.76,94,31,3.58
208,Sola,VU,2021-10-30 22:32:38,-13.8833,167.55,81.01,69,3,15.84
209,Yar-Sale,RU,2021-10-30 22:29:36,66.8333,70.8333,9.34,90,98,17.27
210,Englewood,US,2021-10-30 22:33:40,39.6478,-104.9878,69.55,28,20,3.0
211,Tiradentes,BR,2021-10-30 22:33:41,-21.1103,-44.1781,66.61,93,100,8.48
212,Kaitangata,NZ,2021-10-30 22:33:42,-46.2817,169.8464,50.41,92,99,18.39
213,Coihaique,CL,2021-10-30 22:33:42,-45.5752,-72.0662,58.95,23,0,12.66
214,Hualmay,PE,2021-10-30 22:33:43,-11.0964,-77.6139,64.72,79,88,8.14
215,Kismayo,SO,2021-10-30 22:33:43,-0.3582,42.5454,78.71,83,21,11.14
216,Cabo San Lucas,MX,2021-10-30 22:33:44,22.8909,-109.9124,88.52,69,20,19.57
217,Jinchang,CN,2021-10-30 22:33:44,38.4953,102.1739,38.73,45,0,2.06
218,Papetoai,PF,2021-10-30 22:33:44,-17.4961,-149.8729,83.79,72,6,17.74
219,Bathsheba,BB,2021-10-30 22:32:04,13.2167,-59.5167,81.21,74,20,13.8
220,Birao,CF,2021-10-30 22:33:45,10.2849,22.7882,76.26,30,99,2.01
221,Kavieng,PG,2021-10-30 22:30:47,-2.5744,150.7967,83.95,75,70,13.47
222,Largo,US,2021-10-30 22:30:26,27.9095,-82.7873,72.1,80,90,8.01
223,Arraial Do Cabo,BR,2021-10-30 22:33:46,-22.9661,-42.0278,69.76,100,75,8.05
224,Velyka Bahachka,UA,2021-10-30 22:34:47,49.7912,33.7226,42.19,76,0,6.89
225,Dingle,PH,2021-10-30 22:34:47,10.9995,122.6711,77.36,88,95,7.96
226,Big Spring,US,2021-10-30 22:34:48,32.2504,-101.4787,87.28,11,1,10.36
227,Cayenne,GF,2021-10-30 22:34:48,4.9333,-52.3333,83.08,79,75,4.0
228,Fairhope,US,2021-10-30 22:34:49,30.523,-87.9033,60.55,69,90,5.75
229,Saint-Augustin,CA,2021-10-30 22:34:49,51.226,-58.6502,43.97,60,9,2.57
230,Codrington,AU,2021-10-30 22:34:50,-38.2667,141.9667,55.06,73,2,7.11
231,Omagari,JP,2021-10-30 22:34:50,39.45,140.4833,43.56,77,100,1.45
232,Lodwar,KE,2021-10-30 22:34:50,3.1191,35.5973,84.34,46,81,11.79
233,San Policarpo,PH,2021-10-30 22:34:51,12.1791,125.5072,82.33,73,80,16.13
234,Xiamen,CN,2021-10-30 22:34:52,24.4798,118.0819,71.26,68,0,6.71
235,Northam,GB,2021-10-30 22:31:38,51.0333,-4.2167,56.01,90,67,19.1
236,Helena,US,2021-10-30 22:30:50,46.5927,-112.0361,41.18,62,75,5.99
237,Erzin,TR,2021-10-30 22:34:54,36.9559,36.2,66.92,68,54,5.55
238,Yarmouth,US,2021-10-30 22:34:54,41.7057,-70.2286,62.82,96,90,10.0
239,Vila Velha,BR,2021-10-30 22:34:55,-20.3297,-40.2925,71.55,94,75,4.61
240,Tamandare,BR,2021-10-30 22:34:55,-8.7597,-35.1047,76.91,74,2,10.49
241,Westport,US,2021-10-30 22:34:56,41.1415,-73.3579,60.26,94,94,5.99
242,Paignton,GB,2021-10-30 22:30:27,50.4357,-3.5679,56.64,44,80,8.99
243,Guerrero Negro,MX,2021-10-30 22:34:56,27.9769,-114.0611,73.04,57,0,13.35
244,Fort Nelson,CA,2021-10-30 22:30:33,58.8053,-122.7002,40.59,45,20,8.05
245,Ouidah,BJ,2021-10-30 22:34:57,6.3631,2.0851,84.06,84,100,10.13
246,Centralia,US,2021-10-30 22:33:08,46.7162,-122.9543,58.51,57,1,17.27
247,Meiganga,CM,2021-10-30 22:34:58,6.5167,14.3,68.45,82,95,1.79
248,Maceio,BR,2021-10-30 22:34:58,-9.6658,-35.7353,78.24,83,0,6.91
249,Ancud,CL,2021-10-30 22:31:37,-41.8697,-73.8203,62.13,61,0,4.34
250,Nurota,UZ,2021-10-30 22:34:59,40.5614,65.6886,44.69,57,100,3.29
251,Kwakoa,TZ,2021-10-30 22:34:59,-3.7667,37.7167,69.71,87,7,4.14
252,Maykor,RU,2021-10-30 22:35:00,59.0059,55.88,34.16,89,99,5.86
253,Bitung,ID,2021-10-30 22:35:00,1.4451,125.1824,76.05,93,99,7.23
254,Khandyga,RU,2021-10-30 22:35:01,62.6667,135.6,-10.25,100,100,1.3
255,Mount Isa,AU,2021-10-30 22:35:01,-20.7333,139.5,78.57,22,75,13.8
256,Mangochi,MW,2021-10-30 22:35:02,-14.4782,35.2645,76.44,43,0,3.4
257,Manavalakurichi,IN,2021-10-30 22:35:03,8.1333,77.3,78.89,93,100,6.04
258,Shamary,RU,2021-10-30 22:35:04,57.3434,58.2199,36.25,87,94,6.02
259,Grand Gaube,MU,2021-10-30 22:35:04,-20.0064,57.6608,70.38,84,4,6.96
260,Lethem,GY,2021-10-30 22:35:05,3.3803,-59.7968,80.73,69,74,5.12
261,Tianpeng,CN,2021-10-30 22:35:05,30.9866,103.9393,57.67,76,96,2.21
262,Sallanches,FR,2021-10-30 22:35:06,45.9442,6.6316,55.4,83,93,5.97
263,Takoradi,GH,2021-10-30 22:35:07,4.8845,-1.7554,78.24,87,92,8.75
264,Kirensk,RU,2021-10-30 22:33:10,57.7853,108.1119,34.93,60,100,8.16
265,Palmer,US,2021-10-30 22:35:07,42.1584,-72.3287,58.89,86,90,1.01
266,Manyana,BW,2021-10-30 22:35:08,-23.4,21.7167,69.21,21,0,8.81
267,Rio Gallegos,AR,2021-10-30 22:30:09,-51.6226,-69.2181,57.25,38,0,16.11
268,Goderich,CA,2021-10-30 22:35:08,43.7501,-81.7165,50.92,81,100,3.44
269,Tefe,BR,2021-10-30 22:35:09,-3.3542,-64.7114,86.11,74,20,3.44
270,Isla Mujeres,MX,2021-10-30 22:35:09,21.2311,-86.731,80.65,61,28,15.7
271,Hopewell,US,2021-10-30 22:36:10,37.3043,-77.2872,60.71,82,96,6.17
272,Louis Trichardt,ZA,2021-10-30 22:36:10,-23.0439,29.9032,61.93,88,66,12.62
273,Great Falls,US,2021-10-30 22:36:11,47.5002,-111.3008,33.67,76,90,0.0
274,Labuhan,ID,2021-10-30 22:34:36,-6.8844,112.2051,80.37,81,92,4.43
275,Karratha,AU,2021-10-30 22:36:11,-20.7377,116.8463,75.06,63,0,6.31
276,Hay River,CA,2021-10-30 22:36:12,60.8156,-115.7999,35.58,75,75,10.36
277,Grindavik,IS,2021-10-30 22:36:12,63.8424,-22.4338,37.87,93,0,10.36
278,Roebourne,AU,2021-10-30 22:36:13,-20.7833,117.1333,75.06,63,0,6.96
279,Praia,CV,2021-10-30 22:36:13,14.9215,-23.5087,77.54,88,75,16.11
280,Shuangcheng,CN,2021-10-30 22:36:14,45.35,126.2833,31.68,75,100,10.58
281,Severo-Kurilsk,RU,2021-10-30 22:36:14,50.6789,156.125,41.56,79,86,13.62
282,Aloleng,PH,2021-10-30 22:36:15,16.1307,119.7824,79.14,77,6,7.83
283,Rio Grande,BR,2021-10-30 22:36:15,-32.035,-52.0986,71.94,85,46,18.61
284,Adrar,MR,2021-10-30 22:36:16,20.5022,-10.0711,79.18,38,100,9.24
285,Oda,JP,2021-10-30 22:36:16,35.1833,132.5,52.57,81,80,4.38
286,Umm Kaddadah,SD,2021-10-30 22:34:10,13.6017,26.6876,85.93,23,30,11.03
287,Katherine,AU,2021-10-30 22:36:17,-14.4667,132.2667,82.72,69,75,0.0
288,Flinders,AU,2021-10-30 22:36:18,-34.5833,150.8552,63.81,63,0,3.0
289,Tapes,BR,2021-10-30 22:34:44,-30.6733,-51.3958,68.59,85,23,19.66
290,Panzhihua,CN,2021-10-30 22:36:18,26.5851,101.7128,57.67,96,17,1.81
291,Wasilla,US,2021-10-30 22:36:19,61.5814,-149.4394,45.95,70,75,8.99
292,Taoudenni,ML,2021-10-30 22:36:19,22.6783,-3.9836,84.4,27,1,9.13
293,Ekhabi,RU,2021-10-30 22:36:19,53.5102,142.9671,29.52,57,100,16.58
294,Baykit,RU,2021-10-30 22:36:20,61.67,96.37,16.45,84,99,10.56
295,Richards Bay,ZA,2021-10-30 22:34:56,-28.783,32.0377,61.97,84,48,6.8
296,Emba,KZ,2021-10-30 22:36:21,48.8264,58.1442,39.16,83,43,9.19
297,Berlevag,NO,2021-10-30 22:36:21,70.8578,29.0864,39.07,75,98,9.84
298,Beringovskiy,RU,2021-10-30 22:33:59,63.05,179.3167,8.06,94,98,19.04
299,Magaria,NE,2021-10-30 22:36:22,12.9983,8.9099,82.94,15,24,10.31
300,Bengkulu,ID,2021-10-30 22:36:22,-3.8004,102.2655,76.01,90,100,5.53
301,Am Timan,TD,2021-10-30 22:36:23,11.0297,20.2827,78.22,34,83,2.62
302,Maxixe,MZ,2021-10-30 22:36:23,-23.8597,35.3472,69.3,76,3,6.22
303,Srednekolymsk,RU,2021-10-30 22:36:24,67.45,153.6833,-4.4,96,100,6.13
304,Esperance,AU,2021-10-30 22:36:24,-33.8667,121.9,55.24,56,11,13.94
305,Axim,GH,2021-10-30 22:32:37,4.8699,-2.2405,78.53,86,82,8.55
306,Isangel,VU,2021-10-30 22:36:25,-19.55,169.2667,82.51,61,1,3.44
307,Wana,PK,2021-10-30 22:36:25,32.2989,69.5725,57.52,22,0,6.46
308,Olds,CA,2021-10-30 22:36:26,51.7834,-114.102,35.91,32,0,12.66
309,Zanjan,IR,2021-10-30 22:36:26,36.6736,48.4787,51.51,65,96,6.51
310,Esmeralda,CU,2021-10-30 22:33:22,21.8525,-78.1169,76.24,87,100,2.95
311,Mwinilunga,ZM,2021-10-30 22:36:28,-11.7358,24.4293,66.15,78,75,2.66
312,Bauchi,NG,2021-10-30 22:36:29,10.5,10.0,75.92,30,100,3.98
313,Pisco,PE,2021-10-30 22:36:30,-13.7,-76.2167,66.25,77,20,6.91
314,Salta,AR,2021-10-30 22:36:30,-24.7859,-65.4117,79.09,77,75,10.36
315,Asau,RO,2021-10-30 22:36:30,46.4333,26.4,39.76,97,0,2.26
316,Fenyi,CN,2021-10-30 22:33:55,27.8112,114.6681,59.92,70,46,0.4
317,Coruripe,BR,2021-10-30 22:37:31,-10.1256,-36.1756,76.48,79,10,9.86
318,Quelimane,MZ,2021-10-30 22:37:32,-17.8786,36.8883,73.35,78,0,4.61
319,Fereydunshahr,IR,2021-10-30 22:37:32,32.941,50.121,43.56,58,78,1.88
320,Tessalit,ML,2021-10-30 22:37:33,20.1986,1.0114,83.3,14,83,7.25
321,Cherskiy,RU,2021-10-30 22:37:33,68.75,161.3,-0.2,98,100,5.86
322,Talnakh,RU,2021-10-30 22:37:34,69.4865,88.3972,12.16,96,100,4.81
323,San Joaquin,US,2021-10-30 22:37:34,37.9333,-121.3011,74.79,63,1,5.75
324,Yulara,AU,2021-10-30 22:37:34,-25.2406,130.9889,58.84,88,100,8.05
325,Tayu,ID,2021-10-30 22:37:35,-6.5397,111.0518,80.1,82,88,3.85
326,Buritis,BR,2021-10-30 22:37:36,-15.6178,-46.4233,80.1,48,82,1.5
327,Kununurra,AU,2021-10-30 22:37:36,-15.7667,128.7333,82.38,69,85,9.22
328,San Juan,AR,2021-10-30 22:34:09,-31.5375,-68.5364,81.32,34,9,21.77
329,Mangrol,IN,2021-10-30 22:37:37,21.1167,70.1167,74.55,44,58,9.24
330,Pevek,RU,2021-10-30 22:37:37,69.7008,170.3133,-2.78,96,100,10.63
331,Ransang,PH,2021-10-30 22:37:38,8.9603,117.5828,79.95,83,54,3.96
332,Lakes Entrance,AU,2021-10-30 22:37:38,-37.8811,147.981,62.17,54,4,7.49
333,Kahului,US,2021-10-30 22:32:40,20.8947,-156.47,87.06,61,1,10.36
334,Winslow,US,2021-10-30 22:37:39,35.0242,-110.6974,78.96,17,1,4.61
335,Egvekinot,RU,2021-10-30 22:37:39,66.3167,-179.1667,2.89,91,100,9.93
336,Nador,MA,2021-10-30 22:37:40,35.174,-2.9287,68.25,68,0,2.3
337,Caravelas,BR,2021-10-30 22:37:41,-17.7125,-39.2481,73.24,88,96,7.29
338,Khalkhal,IR,2021-10-30 22:37:41,37.6189,48.5258,44.15,82,70,2.77
339,Mao,ES,2021-10-30 22:37:42,39.8885,4.2658,70.36,88,40,5.75
340,Santa Barbara,US,2021-10-30 22:37:42,34.7333,-120.0343,74.3,58,1,10.36
341,Kampene,CD,2021-10-30 22:37:43,-3.6,26.6667,67.8,98,97,1.68
342,Bereda,ES,2021-10-30 22:37:43,43.2686,-7.5406,59.92,91,97,6.71
343,Carauari,BR,2021-10-30 22:37:44,-4.8828,-66.8958,77.04,87,96,3.85
344,Shihezi,CN,2021-10-30 22:37:44,44.3,86.0333,44.94,64,55,1.61
345,Ozerna,UA,2021-10-30 22:37:45,49.6289,25.329,45.01,70,5,13.67
346,Divnoye,RU,2021-10-30 22:37:45,45.9089,43.3547,41.63,82,0,8.68
347,Vila Franca Do Campo,PT,2021-10-30 22:37:46,37.7167,-25.4333,74.19,93,100,14.43
348,Tuatapere,NZ,2021-10-30 22:33:25,-46.1333,167.6833,47.97,94,100,17.67
349,Sao Jose Da Coroa Grande,BR,2021-10-30 22:37:47,-8.8978,-35.1478,77.2,74,2,11.27
350,Shimoda,JP,2021-10-30 22:37:47,34.6667,138.95,62.71,80,100,9.31
351,Mahon,ES,2021-10-30 22:37:42,39.8885,4.2658,70.36,88,40,5.75
352,Kodinsk,RU,2021-10-30 22:37:48,58.6881,99.1844,23.74,62,73,7.78
353,Rosario,AR,2021-10-30 22:36:15,-32.9468,-60.6393,89.94,40,0,1.01
354,San Vicente,AR,2021-10-30 22:37:50,-26.6167,-54.1333,60.51,99,100,1.54
355,Ucluelet,CA,2021-10-30 22:36:27,48.9329,-125.5528,54.05,55,1,1.92
356,Kloulklubed,PW,2021-10-30 22:37:50,7.0419,134.2556,79.3,76,100,15.61
357,Lucea,JM,2021-10-30 22:37:51,18.451,-78.1736,83.86,74,100,1.72
358,Myaundzha,RU,2021-10-30 22:37:51,63.0494,147.1858,-8.45,96,91,4.47
359,Danilovka,RU,2021-10-30 22:37:52,50.3557,44.1168,40.28,81,0,5.55
360,Port Hawkesbury,CA,2021-10-30 22:37:52,45.6169,-61.3485,49.59,87,90,1.99
361,Champerico,GT,2021-10-30 22:37:54,14.3,-91.9167,84.34,75,100,2.95
362,Rawson,AR,2021-10-30 22:38:54,-43.3002,-65.1023,48.92,63,87,22.17
363,Cacoal,BR,2021-10-30 22:38:55,-11.4386,-61.4472,80.46,65,92,2.24
364,Zapolyarnyy,RU,2021-10-30 22:38:55,69.4154,30.8136,18.68,90,100,1.63
365,Port Hardy,CA,2021-10-30 22:38:56,50.6996,-127.4199,46.58,71,20,3.44
366,Santa Cruz,BO,2021-10-30 22:38:57,-17.8,-63.1667,87.26,58,75,11.5
367,Qui Nhon,VN,2021-10-30 22:35:56,13.7667,109.2333,75.69,90,40,6.42
368,Castro,BR,2021-10-30 22:38:57,-24.7911,-50.0119,60.85,96,89,8.34
369,Xining,CN,2021-10-30 22:38:58,36.6167,101.7667,33.48,73,91,1.25
370,Bayir,TR,2021-10-30 22:38:59,37.2687,28.2167,50.52,84,100,3.96
371,Amalapuram,IN,2021-10-30 22:38:59,16.5833,82.0167,75.47,94,99,3.94
372,Hall,US,2021-10-30 22:39:00,34.3168,-83.7832,55.49,84,90,9.22
373,Tiksi,RU,2021-10-30 22:39:01,71.6872,128.8694,2.59,93,97,9.31
374,General Roca,AR,2021-10-30 22:39:02,-39.0333,-67.5833,66.6,20,100,16.58
375,Methoni,GR,2021-10-30 22:39:02,36.8197,21.7049,61.21,60,39,6.31
376,Vista Hermosa,MX,2021-10-30 22:39:03,19.5167,-99.2167,73.54,24,12,9.86
377,Tepic,MX,2021-10-30 22:39:03,21.5,-104.9,78.39,72,5,5.32
378,Manokwari,ID,2021-10-30 22:39:04,-0.8667,134.0833,81.88,68,76,1.48
379,Khani,GE,2021-10-30 22:39:04,41.9563,42.9566,53.17,77,26,5.99
380,Kirovskiy,RU,2021-10-30 22:39:05,45.0917,133.5136,38.52,67,94,3.38
381,Formosa,AR,2021-10-30 22:39:05,-26.1775,-58.1781,82.38,69,0,8.05
382,Coahuayana,MX,2021-10-30 22:39:06,18.7333,-103.6833,84.11,72,12,4.65
383,Kiryas Joel,US,2021-10-30 22:39:06,41.342,-74.1679,58.44,71,75,11.5
384,Bronnoysund,NO,2021-10-30 22:39:07,65.4625,12.1997,46.4,87,44,4.61
385,Marsh Harbour,BS,2021-10-30 22:39:08,26.5412,-77.0636,77.86,72,10,13.94
386,Malatya,TR,2021-10-30 22:36:58,38.5,38.0,50.05,94,75,3.44
387,Salinas,US,2021-10-30 22:39:09,36.6777,-121.6555,72.16,73,40,8.05
388,Ambam,CM,2021-10-30 22:39:10,2.3833,11.2833,68.68,100,100,2.13
389,Karaton,ID,2021-10-30 22:39:10,-6.3424,106.1045,82.96,92,98,1.34
390,Qitaihe,CN,2021-10-30 22:39:10,45.8,130.85,34.86,36,100,5.12
391,Gamba,GA,2021-10-30 22:39:11,-2.65,10.0,76.89,91,100,6.35
392,Anshun,CN,2021-10-30 22:39:11,26.25,105.9333,53.53,96,100,4.36
393,Kurilsk,RU,2021-10-30 22:39:12,45.2333,147.8833,47.14,75,51,5.91
394,Batsfjord,NO,2021-10-30 22:39:13,70.6345,29.7185,38.28,76,99,8.41
395,Campbell River,CA,2021-10-30 22:34:46,50.0163,-125.2446,52.18,46,20,1.99
396,Tondano,ID,2021-10-30 22:39:13,1.3038,124.9112,68.09,91,98,2.21
397,Tynda,RU,2021-10-30 22:39:14,55.1667,124.7167,16.75,65,27,1.97
398,Okahandja,NA,2021-10-30 22:39:14,-21.9833,16.9167,68.31,20,0,4.83
399,Neuquen,AR,2021-10-30 22:39:15,-38.9516,-68.0591,66.09,27,75,16.11
400,Samfya,ZM,2021-10-30 22:39:15,-11.3649,29.5565,72.57,36,55,4.88
401,Shemonaikha,KZ,2021-10-30 22:39:16,50.6328,81.9056,34.5,60,100,6.76
402,Cockburn Town,TC,2021-10-30 22:39:05,21.4612,-71.1419,82.36,69,40,9.22
403,Saldanha,ZA,2021-10-30 22:39:16,-33.0117,17.9442,59.05,84,27,8.88
404,Bima,ID,2021-10-30 22:39:17,-8.4667,118.7167,80.78,82,96,0.96
405,Sandpoint,US,2021-10-30 22:39:17,48.2766,-116.5533,50.04,57,1,1.99
406,Coxim,BR,2021-10-30 22:38:27,-18.5067,-54.76,80.46,67,64,4.16
407,Xai-Xai,MZ,2021-10-30 22:39:18,-25.0519,33.6442,66.99,92,74,1.41
408,Erenhot,CN,2021-10-30 22:39:19,43.6475,111.9767,30.87,54,41,6.46
409,Belaya Gora,RU,2021-10-30 22:40:19,68.5333,146.4167,0.68,98,100,3.67
410,Sao Joao Da Barra,BR,2021-10-30 22:40:20,-21.6403,-41.0511,71.56,89,100,11.12
411,Terney,RU,2021-10-30 22:40:20,45.0503,136.6092,46.45,66,100,5.28
412,Seoul,KR,2021-10-30 22:35:45,37.5683,126.9778,51.24,93,20,1.14
413,Jalu,LY,2021-10-30 22:40:21,29.0331,21.5482,66.09,51,0,1.59
414,Ostrovnoy,RU,2021-10-30 22:40:21,68.0531,39.5131,34.5,96,100,6.64
415,Dali,CN,2021-10-30 22:40:22,25.7,100.1833,52.81,90,31,2.86
416,Panguna,PG,2021-10-30 22:40:23,-6.3164,155.4848,75.31,82,91,2.82
417,Itarema,BR,2021-10-30 22:40:24,-2.9248,-39.9167,80.13,76,26,10.76
418,Arroyo,ES,2021-10-30 22:40:24,41.6096,-4.7969,56.14,89,75,3.44
419,Petropavlovsk-Kamchatskiy,RU,2021-10-30 22:40:25,53.0452,158.6483,32.59,75,75,6.71
420,Tyrma,RU,2021-10-30 22:40:25,50.0833,132.1667,25.38,73,2,2.06
421,Porto Novo,BJ,2021-10-30 22:40:26,6.4965,2.6036,84.02,86,100,6.71
422,Meulaboh,ID,2021-10-30 22:40:26,4.1363,96.1285,75.31,87,92,4.61
423,Auki,SB,2021-10-30 22:40:27,-8.7676,160.7034,85.5,65,97,2.68
424,Chupa,RU,2021-10-30 22:40:27,66.27,33.0549,37.35,100,100,3.76
425,Tripoli,LY,2021-10-30 22:40:28,32.8752,13.1875,71.19,63,88,0.63
426,Nicoya,CR,2021-10-30 22:40:28,10.1483,-85.452,76.55,91,100,2.17
427,Skaudvile,LT,2021-10-30 22:40:29,55.4167,22.6167,46.18,84,5,9.98
428,Yancheng,CN,2021-10-30 22:40:29,33.3856,120.1253,56.82,72,26,2.8
429,Awbari,LY,2021-10-30 22:40:30,26.5921,12.7805,68.97,30,0,5.28
430,Kovur,IN,2021-10-30 22:40:30,14.4833,79.9833,79.07,85,100,5.84
431,Wilmington,US,2021-10-30 22:40:05,34.2257,-77.9447,64.31,62,1,11.5
432,San Jeronimo,PE,2021-10-30 22:40:31,-11.9472,-75.2829,57.33,64,94,6.53
433,Erdenet,MN,2021-10-30 22:40:31,49.0333,104.0833,27.55,73,86,4.79
434,Port Augusta,AU,2021-10-30 22:40:31,-32.5,137.7667,62.71,31,99,5.91
435,Pacifica,US,2021-10-30 22:40:32,37.6138,-122.4869,69.8,86,90,4.0
436,Yerbogachen,RU,2021-10-30 22:40:33,61.2767,108.0108,30.27,86,98,15.21
437,Sao Borja,BR,2021-10-30 22:40:33,-28.6606,-56.0044,75.94,88,47,8.79
438,Abu Dhabi,AE,2021-10-30 22:40:34,24.4667,54.3667,82.42,74,0,3.44
439,Eenhana,NA,2021-10-30 22:40:34,-17.4667,16.3333,78.55,26,69,8.32
440,Tulum,MX,2021-10-30 22:40:35,20.2167,-87.4667,82.98,61,15,2.62
441,Aden,YE,2021-10-30 22:38:44,12.7794,45.0367,84.15,72,22,24.32
442,Altar,MX,2021-10-30 22:40:35,30.7,-111.8167,86.99,14,0,10.04
443,Labuan,MY,2021-10-30 22:40:36,5.2767,115.2417,77.16,94,20,0.0
444,Mandan,US,2021-10-30 22:40:36,46.8267,-100.8896,49.98,49,20,18.41
445,Tomatlan,MX,2021-10-30 22:38:07,19.9333,-105.25,83.35,70,10,4.9
446,Zhaotong,CN,2021-10-30 22:40:37,27.3167,103.7167,45.18,94,100,6.38
447,Manta,EC,2021-10-30 22:40:38,-0.95,-80.7333,76.78,78,75,10.36
448,San Andres,CO,2021-10-30 22:40:00,12.5847,-81.7006,84.22,79,75,12.66
449,Lorengau,PG,2021-10-30 22:40:38,-2.0226,147.2712,83.19,79,93,7.85
450,Naze,JP,2021-10-30 22:40:39,28.3667,129.4833,65.32,76,1,6.46
451,Yeppoon,AU,2021-10-30 22:40:39,-23.1333,150.7333,80.38,62,23,5.77
452,Barmer,IN,2021-10-30 22:40:40,25.75,71.3833,74.23,23,5,5.03
453,Brae,GB,2021-10-30 22:40:40,60.3964,-1.353,48.11,91,100,13.24
454,Kachiry,KZ,2021-10-30 22:40:41,53.0675,76.1036,35.42,96,100,18.03
455,Turukhansk,RU,2021-10-30 22:40:41,65.8167,87.9833,13.84,96,99,8.03
456,Seminole,US,2021-10-30 22:41:41,28.7086,-81.2081,70.16,73,1,9.22
457,Voh,NC,2021-10-30 22:41:42,-20.9667,164.7,83.62,49,1,4.18
458,Dhanaura,IN,2021-10-30 22:41:42,28.9667,78.25,61.47,52,0,5.64
459,Skelleftea,SE,2021-10-30 22:39:38,64.7507,20.9528,41.36,69,23,6.91
460,Pudozh,RU,2021-10-30 22:41:43,61.8099,36.5345,42.03,96,91,6.8
461,Ust-Uda,RU,2021-10-30 22:41:44,54.1742,103.0304,29.35,89,90,1.86
462,Narsaq,GL,2021-10-30 22:41:45,60.9167,-46.05,28.62,71,95,4.32
463,Glendive,US,2021-10-30 22:41:47,47.1053,-104.7125,41.79,48,90,19.57
464,Jacqueville,CI,2021-10-30 22:41:47,5.2052,-4.4146,79.61,83,64,9.6
465,Eldorado,BR,2021-10-30 22:41:47,-23.7869,-54.2836,69.85,93,99,7.43
466,Ozinki,RU,2021-10-30 22:41:48,51.1786,49.6769,40.8,88,6,9.64
467,Buchanan,LR,2021-10-30 22:41:49,5.8808,-10.0467,76.96,88,98,5.1
468,Camacha,PT,2021-10-30 22:41:49,33.0833,-16.3333,69.22,83,20,12.66
469,Inhambane,MZ,2021-10-30 22:41:49,-23.865,35.3833,70.21,75,3,7.2
470,Nahavand,IR,2021-10-30 22:41:50,34.1885,48.377,55.04,59,99,1.16
471,Nizhniy Odes,RU,2021-10-30 22:41:50,63.6445,54.856,22.82,97,100,2.89
472,Tekeli,KZ,2021-10-30 22:38:09,44.83,78.8239,37.51,75,95,6.29
473,Diplo,PK,2021-10-30 22:41:52,24.4667,69.584,76.46,30,28,6.26
474,Natal,BR,2021-10-30 22:41:53,-5.795,-35.2094,80.82,74,20,13.8
475,Buala,SB,2021-10-30 22:41:53,-8.145,159.5921,84.49,72,91,10.0
476,Taian,CN,2021-10-30 22:41:53,36.1853,117.12,59.76,73,80,0.4
477,Wewak,PG,2021-10-30 22:41:54,-3.5534,143.6268,82.15,82,48,5.59
478,Syracuse,IT,2021-10-30 22:41:55,37.0881,15.2792,64.31,89,100,4.7
479,Sinnar,SD,2021-10-30 22:41:55,13.5691,33.5672,85.62,23,45,9.08
480,Saskylakh,RU,2021-10-30 22:40:35,71.9167,114.0833,12.45,92,100,12.35
481,Viedma,AR,2021-10-30 22:41:56,-40.8135,-62.9967,50.43,70,89,21.94
482,Choix,MX,2021-10-30 22:41:56,26.7092,-108.3219,89.35,31,0,4.7
483,Teya,RU,2021-10-30 22:41:57,60.3778,92.6267,18.39,84,100,12.41
484,Japura,ID,2021-10-30 22:41:57,-0.3167,102.35,73.44,98,21,0.92
485,Makakilo City,US,2021-10-30 22:41:58,21.3469,-158.0858,83.61,58,90,5.75
486,Alexandria,EG,2021-10-30 22:37:49,31.2156,29.9553,71.56,78,40,4.61
487,Tongling,CN,2021-10-30 22:41:58,30.95,117.7833,57.76,71,79,4.43
488,Jardim,BR,2021-10-30 22:41:59,-21.4803,-56.1381,72.21,89,88,2.91
489,El Paso,US,2021-10-30 22:41:37,31.8001,-106.2005,83.66,13,1,6.91
490,Qaqortoq,GL,2021-10-30 22:42:00,60.7167,-46.0333,28.9,74,86,4.07
491,Kurikka,FI,2021-10-30 22:42:00,62.6167,22.4167,48.63,97,86,5.28
492,Araouane,ML,2021-10-30 22:41:19,18.9048,-3.5265,84.88,22,81,10.65
493,Khrebtovaya,RU,2021-10-30 22:42:01,56.7032,104.2494,29.5,98,100,5.64
494,Talara,PE,2021-10-30 22:42:01,-4.5772,-81.2719,66.96,77,40,13.8
495,Lavrentiya,RU,2021-10-30 22:42:02,65.5833,-171.0,13.84,80,28,6.53
496,Nizwa,OM,2021-10-30 22:42:03,22.9333,57.5333,75.15,30,1,4.16
497,Yeniseysk,RU,2021-10-30 22:42:03,58.4497,92.1703,26.17,57,74,7.63
498,Vytegra,RU,2021-10-30 22:42:04,61.0064,36.4481,41.7,92,82,7.05
499,Concordia,AR,2021-10-30 22:37:58,-31.393,-58.0209,84.78,51,19,4.0
500,Yangambi,CD,2021-10-30 22:42:04,0.8102,24.4336,69.64,99,42,2.46
501,Manbij,SY,2021-10-30 22:42:05,36.5281,37.9549,63.37,64,88,15.79
502,Abbeville,FR,2021-10-30 22:42:05,50.1,1.8333,52.5,90,100,7.87
503,Guaruja,BR,2021-10-30 22:42:06,-23.9931,-46.2564,75.16,26,62,3.0
504,Ugoofaaru,MV,2021-10-30 22:43:06,5.6667,73.0,81.0,77,19,9.48
505,Zonguldak,TR,2021-10-30 22:43:07,41.25,31.8333,45.14,62,0,4.52
506,Hua Hin,TH,2021-10-30 22:43:07,12.5707,99.9588,77.45,87,100,4.23
507,Maniitsoq,GL,2021-10-30 22:43:08,65.4167,-52.9,35.37,98,100,24.09
508,Tuscaloosa,US,2021-10-30 22:39:20,33.2098,-87.5692,56.98,87,90,4.61
509,New Ross,IE,2021-10-30 22:43:08,52.3967,-6.9367,55.09,58,99,22.21
510,Carutapera,BR,2021-10-30 22:39:25,-1.195,-46.02,77.7,85,36,5.53
511,Chadan,RU,2021-10-30 22:43:09,51.2833,91.5833,31.68,76,100,0.89
512,Sebastian,US,2021-10-30 22:43:10,35.1668,-94.2669,65.41,57,0,3.94
513,Turbat,PK,2021-10-30 22:43:10,26.0023,63.044,76.64,19,5,5.01
514,Sorland,NO,2021-10-30 22:39:44,67.667,12.6934,48.92,89,100,22.17
515,Muroto,JP,2021-10-30 22:43:11,33.2833,134.15,59.04,89,100,19.37
516,Tarancon,ES,2021-10-30 22:43:12,40.0085,-3.0073,58.23,98,100,5.08
517,Arteche,PH,2021-10-30 22:43:12,12.2645,125.4048,80.87,76,89,12.35
518,Kushima,JP,2021-10-30 22:43:12,31.4583,131.2333,62.64,90,63,7.56
519,Bambanglipuro,ID,2021-10-30 22:43:13,-7.95,110.2833,78.03,89,88,4.38
520,Tezu,IN,2021-10-30 22:43:14,27.9167,96.1667,64.99,52,45,3.67
521,Paternion,AT,2021-10-30 22:43:14,46.7142,13.6361,47.23,85,97,3.98
522,Eydhafushi,MV,2021-10-30 22:43:15,5.1033,73.0708,81.72,69,42,11.07
523,Iskateley,RU,2021-10-30 22:43:15,67.6803,53.1512,17.28,92,100,13.31
524,Yantzaza,EC,2021-10-30 22:43:16,-3.8278,-78.7594,72.37,84,26,1.83
525,Sarangani,PH,2021-10-30 22:43:17,5.4033,125.4636,82.63,75,100,5.03
526,Saint-Francois,FR,2021-10-30 22:43:17,46.4154,3.9054,59.47,88,86,2.3
527,Nanakuli,US,2021-10-30 22:43:18,21.3906,-158.1547,85.03,54,90,5.75
528,Huarmey,PE,2021-10-30 22:43:18,-10.0681,-78.1522,65.25,81,58,8.66
529,Mikhaylovka,RU,2021-10-30 22:43:19,50.06,43.2379,41.02,76,0,4.14
530,Mitry-Mory,FR,2021-10-30 22:43:19,48.9833,2.6167,52.99,94,75,5.75
531,Katsuura,JP,2021-10-30 22:43:20,35.1333,140.3,60.12,74,100,4.29
532,Tilichiki,RU,2021-10-30 22:43:20,60.4667,166.1,4.8,91,13,8.99
533,Tombouctou,ML,2021-10-30 22:43:21,20.0,-3.0,83.82,23,15,10.27
534,Raubling,DE,2021-10-30 22:43:21,47.7905,12.1109,53.26,94,100,5.55
535,Dongying,CN,2021-10-30 22:43:23,37.4564,118.4856,55.72,77,41,5.12
536,Bodden Town,KY,2021-10-30 22:43:24,19.2833,-81.25,86.0,75,20,4.0
537,Abdulino,RU,2021-10-30 22:43:24,53.7,53.6667,42.75,97,100,8.48
538,Acapulco,MX,2021-10-30 22:39:48,16.8634,-99.8901,82.72,78,36,8.88
539,Sukhothai,TH,2021-10-30 22:43:25,17.25,99.6667,72.79,97,100,2.26
540,Seymchan,RU,2021-10-30 22:40:33,62.8833,152.4333,5.76,83,100,7.16
541,Ulladulla,AU,2021-10-30 22:41:28,-35.35,150.4667,61.7,50,5,4.41
542,Vestmannaeyjar,IS,2021-10-30 22:41:24,63.4427,-20.2734,43.68,77,84,3.69
543,Olafsvik,IS,2021-10-30 22:43:27,64.8945,-23.7142,42.37,83,73,22.12
544,Sinnamary,GF,2021-10-30 22:43:27,5.3833,-52.95,79.18,83,14,6.49
545,Santa Cruz De La Palma,ES,2021-10-30 22:43:28,28.6835,-17.7642,68.14,68,0,9.22
546,Saint Anthony,US,2021-10-30 22:43:28,45.0205,-93.218,59.04,58,1,1.01
547,Banda Aceh,ID,2021-10-30 22:43:29,5.5577,95.3222,77.76,85,99,9.01
548,Hohr-Grenzhausen,DE,2021-10-30 22:43:29,50.4333,7.6667,56.55,96,100,5.12
549,Swellendam,ZA,2021-10-30 22:44:30,-34.0226,20.4417,53.98,87,84,1.54
550,Tomari,RU,2021-10-30 22:44:30,47.7658,142.0683,43.32,84,100,16.51
551,Amga,RU,2021-10-30 22:44:31,60.8953,131.9608,-2.15,100,87,1.79
552,Nuevo Progreso,MX,2021-10-30 22:44:31,23.1667,-97.95,88.59,45,0,5.01
553,Bowen,AU,2021-10-30 22:44:32,-20.0167,148.2333,82.62,66,12,5.5
554,Aliwal North,ZA,2021-10-30 22:44:32,-30.6937,26.7114,55.6,60,0,5.48
555,Kilindoni,TZ,2021-10-30 22:42:24,-7.9139,39.6668,78.6,78,11,8.12
556,Bereznik,RU,2021-10-30 22:44:33,62.8551,42.7072,42.62,91,100,7.27
557,Ati,TD,2021-10-30 22:44:33,13.2154,18.3353,85.37,16,20,7.99
558,Vilyuysk,RU,2021-10-30 22:44:34,63.7553,121.6247,16.11,91,100,11.3
559,Henties Bay,NA,2021-10-30 22:44:34,-22.116,14.2845,56.86,91,0,4.76
560,Paranaiba,BR,2021-10-30 22:44:35,-19.6772,-51.1908,75.18,77,86,4.83
561,Ambilobe,MG,2021-10-30 22:44:35,-13.2,49.05,74.43,83,85,1.99
562,Pauini,BR,2021-10-30 22:44:36,-7.7136,-66.9764,80.13,68,78,3.09
563,Kubuta,SZ,2021-10-30 22:44:36,-26.8833,31.4833,60.06,75,96,1.03
564,Mancora,PE,2021-10-30 22:44:37,-4.1078,-81.0475,66.78,65,23,10.78
565,Iqaluit,CA,2021-10-30 22:44:37,63.7506,-68.5145,37.13,69,75,11.99
566,Ulety,RU,2021-10-30 22:44:38,51.3572,112.4849,24.19,60,57,2.53
